Quill,Hillum,58055826M,qhillum0@nytimes.com
Mercie,Pirozzi,59208304T,mpirozzi1@cbslocal.com
Karlens,Soppeth,65111608B,ksoppeth2@biglobe.jp
Louisette,Phin,42874230B,lphin3@jiathis.com
Liva,Fanti,59345547Z,lfanti4@mtv.com
Kylie,Wrack,94714553V,kwrack5@friendfeed.com
Adrea,Heimes,12660714V,aheimes6@go.com
Alexandre,Cottam,06511889C,acottam7@pcworld.com
Toby,Candey,72604100F,tcandey8@ft.com
Annora,Byrd,66641258G,abyrd9@usatoday.com
Kessia,Shrigley,19670768G,kshrigleya@comcast.net
Ware,Hillin,89448419B,whillinb@nymag.com
Jay,Thurling,12631224O,jthurlingc@gravatar.com
Florry,Eberle,42955325B,feberled@dedecms.com
Maddalena,Curle,67328446V,mcurlee@wsj.com
Aleen,Perche,40276783P,aperchef@google.de
Simone,Chopy,55696372B,schopyg@tinyurl.com
Ambrosio,Goadsby,76246617J,agoadsbyh@discuz.net
Rosalia,Larenson,66006277L,rlarensoni@baidu.com
Dory,Philpot,62754898M,dphilpotj@google.com
