Madelyn Bustard,49251844N,2011
Cissy Manlow,35782963Y,2007
Seamus Jochanany,39287215A,1999
Rania Simenon,91373769L,1986
Meggy Enderson,13696810H,2009
Jamey Thornebarrow,29022575C,1996
Vanni Harsum,19093590L,1992
Kelcey Greated,68032608B,1995
Rhoda Stapleton,50064827S,1995
Bendite Inchan,82174909E,1997
Myriam Grimwood,28298645E,2005
Winifield Crippen,90406684F,1985
Laurena Kneath,21149541B,2008
Stu Oxlade,12172203M,1997
Kellie Hugh,54758745T,1992
Nikolas Heephy,04232601O,1959
Sebastian Parslow,14059917T,2000
Gris Tieman,53232848T,2012
Byrle Lowmass,13551825K,1988
Galina Hallahan,81598328R,2005
